experiment,case,n,m,q,sigma,B,noise_model,repeats,trials_total,successes_total,failures_total,success_rate_mean,success_rate_std,success_rate_ci95,failure_rate_mean,failure_rate_std,failure_rate_ci95,accumulated_error_mean_mean,accumulated_error_mean_std,accumulated_error_mean_ci95,accumulated_abs_error_mean_mean,accumulated_abs_error_mean_std,accumulated_abs_error_mean_ci95,accumulated_error_std_mean,accumulated_error_std_std,accumulated_error_std_ci95,time_keygen_s_mean,time_keygen_s_std,time_keygen_s_ci95,time_encrypt_mean_s_mean,time_encrypt_mean_s_std,time_encrypt_mean_s_ci95,time_decrypt_mean_s_mean,time_decrypt_mean_s_std,time_decrypt_mean_s_ci95,time_attack_s_mean,time_attack_s_std,time_attack_s_ci95,attack_solution_found_mean,attack_solution_found_std,attack_solution_found_ci95,attack_success_mean,attack_success_std,attack_success_ci95,public_key_size_bytes_mean,public_key_size_bytes_std,public_key_size_bytes_ci95
noise_vs_no_noise,sin_ruido,64,128,257,0.0,,gaussian,30,30000,30000,0,1.0,0.0,0.0,0.0,0.0,0.0,0.0,0.0,0.0,0.0,0.0,0.0,0.0,0.0,0.0,4.0933367563411595e-05,8.686707449000536e-05,3.1084983385736234e-05,6.44819850034158e-06,1.2494755483463997e-07,4.471190826819005e-08,2.226638765326546e-06,4.90218899950614e-08,1.7542258041730202e-08,0.009126943032121441,0.00015954517969245122,5.70925093210635e-05,1.0,0.0,0.0,1.0,0.0,0.0,9360.0,0.0,0.0
noise_vs_no_noise,con_ruido,64,128,257,4.0,,gaussian,30,30000,28755,1245,0.9585,0.08625493489130605,0.030865932043590387,0.041499999999999995,0.08625493489130606,0.03086593204359039,2.913566666666666,22.180713268098685,7.937266305681299,24.9661,9.420866203494132,3.371213674849303,22.415855362857446,1.3393343092806418,0.4792746273126241,5.22208681407695e-05,0.00014759794248355015,5.281724539253246e-05,6.6848693333061725e-06,2.791162798131963e-08,9.988047797879948e-09,2.3576971681904983e-06,1.6555219046333306e-08,5.924209051862398e-09,0.009392823533562477,4.547652851984847e-05,1.6273566731467377e-05,0.0,0.0,0.0,0.0,0.0,0.0,9360.0,0.0,0.0
