experiment,case,n,m,q,sigma,B,noise_model,repeats,trials_total,successes_total,failures_total,success_rate_mean,success_rate_std,success_rate_ci95,failure_rate_mean,failure_rate_std,failure_rate_ci95,accumulated_error_mean_mean,accumulated_error_mean_std,accumulated_error_mean_ci95,accumulated_abs_error_mean_mean,accumulated_abs_error_mean_std,accumulated_abs_error_mean_ci95,accumulated_error_std_mean,accumulated_error_std_std,accumulated_error_std_ci95,time_keygen_s_mean,time_keygen_s_std,time_keygen_s_ci95,time_encrypt_mean_s_mean,time_encrypt_mean_s_std,time_encrypt_mean_s_ci95,time_decrypt_mean_s_mean,time_decrypt_mean_s_std,time_decrypt_mean_s_ci95,time_attack_s_mean,time_attack_s_std,time_attack_s_ci95,attack_solution_found_mean,attack_solution_found_std,attack_solution_found_ci95,attack_success_mean,attack_success_std,attack_success_ci95,public_key_size_bytes_mean,public_key_size_bytes_std,public_key_size_bytes_ci95
noise_vs_no_noise,sin_ruido,64,128,257,0.0,,gaussian,10,4000,4000,0,1.0,0.0,0.0,0.0,0.0,0.0,0.0,0.0,0.0,0.0,0.0,0.0,0.0,0.0,0.0,3.377920074854046e-05,1.3578178941377169e-05,8.415842498688808e-06,7.164437502069631e-06,4.3480533355891906e-07,2.694951377957443e-07,2.3583952533954286e-06,1.1163924298724823e-07,6.919471968295015e-08,0.009706749999895691,0.00023768690791057035,0.00014731987180401868,1.0,0.0,0.0,1.0,0.0,0.0,9360.0,0.0,0.0
noise_vs_no_noise,con_ruido,64,128,257,4.0,,gaussian,10,4000,3754,246,0.9385,0.10307225081897109,0.06388484292502843,0.0615,0.10307225081897109,0.06388484292502843,-12.415000000000003,22.26059416946856,13.79725921026024,26.6295,10.939359987880664,6.780285566418111,22.983562407488,1.82302392254417,1.1299219335459358,3.722919791471213e-05,1.378958724045356e-05,8.546874719992127e-06,6.968969242734602e-06,4.879680499715647e-07,3.024457308069973e-07,2.429353746265406e-06,1.6535046210297077e-07,1.0248527819172156e-07,0.009673379201558419,0.00020081334395362357,0.00012446540008385752,0.0,0.0,0.0,0.0,0.0,0.0,9360.0,0.0,0.0
